{
  "timestamp": "2025-08-01T02:46:58.869905",
  "model_type": "유압 이상 탐지",
  "prediction": {
    "prediction": 0,
    "status": "Normal",
    "probabilities": {
      "normal": 0.8434828038504358,
      "abnormal": 0.15651719614956427
    },
    "confidence": 0.8434828038504358
  },
  "input_features": {
    "PS1_max": 189.67326297865412,
    "PS1_diff_std": 0.1257451861609446,
    "PS2_diff_std": 1.0764412190858246,
    "PS3_max": 9.7,
    "PS3_p2p": 0.27,
    "TS1_p2p": 0.35,
    "VS1_min": 0.515,
    "VS1_q25": 0.515,
    "CP_mean": 1.9518634023400527,
    "CP_min": 1.8503095544331822,
    "CP_max": 2.05,
    "CP_median": 1.9349919516150635,
    "CP_rms": 1.9269684540178744,
    "CP_q25": 1.8954381460416903,
    "CP_q75": 1.996565036448743
  },
  "status": "success"
}